Loan_ID,Gender,Married,Dependents,Education,Self_Employed,ApplicantIncome,CoapplicantIncome,LoanAmount,Loan_Amount_Term,Credit_History,Property_Area,Loan_Status
LP000001,Male,No,3+,Graduate,No,6668,1238,225.44179031622264,360.0,1.0,Rural,Y
LP000002,Female,No,0,Graduate,No,8839,3298,388.80586883253477,60.0,1.0,Semiurban,N
LP000003,Male,Yes,2,Not Graduate,No,7228,1316,289.1730275493763,180.0,1.0,Semiurban,Y
LP000004,Male,Yes,0,Graduate,No,5278,4649,226.93683941552152,240.0,1.0,Urban,Y
LP000005,Male,No,0,Graduate,No,5962,0,200.1772417993915,360.0,1.0,Urban,Y
LP000006,Male,No,0,Graduate,No,5441,3270,194.0667107429055,360.0,,Urban,N
LP000007,Male,Yes,1,Not Graduate,,7314,0,274.21445455595665,360.0,1.0,Semiurban,Y
LP000008,Female,Yes,0,Graduate,No,7676,1238,341.3080992097023,360.0,1.0,Rural,N
LP000009,Male,Yes,2,Graduate,No,2078,1723,150.21508351221956,360.0,1.0,Semiurban,N
LP000010,Male,Yes,0,Not Graduate,No,5868,1470,202.51312993028495,360.0,1.0,Rural,N
LP000011,Male,Yes,3+,Not Graduate,No,7541,0,344.7139257863072,360.0,0.0,Urban,Y
LP000012,Female,Yes,0,Not Graduate,,3981,0,72.45290329097193,360.0,1.0,Urban,Y
LP000013,Female,Yes,2,Not Graduate,No,4615,0,136.83242395630842,360.0,1.0,Urban,N
LP000014,Male,No,2,Graduate,No,4300,3464,133.648861752529,360.0,0.0,Semiurban,Y
LP000015,Male,Yes,2,Graduate,No,4388,2889,121.41965242237112,240.0,1.0,Urban,Y
LP000016,Male,Yes,2,Graduate,No,6688,0,204.17646440849677,360.0,1.0,Rural,N
LP000017,Male,No,2,Not Graduate,No,9558,1808,,360.0,,Urban,N
LP000018,Male,No,1,Graduate,No,8332,1525,324.7172920908855,180.0,1.0,Rural,Y
LP000019,Male,Yes,0,Graduate,No,3662,4645,161.65621590420437,360.0,1.0,Semiurban,N
LP000020,Male,Yes,0,Graduate,No,5259,1967,237.97890744486054,360.0,1.0,Rural,Y
LP000021,Male,Yes,3+,Graduate,Yes,3170,0,137.42467972690133,360.0,1.0,Semiurban,N
LP000022,Male,Yes,1,Graduate,No,3328,0,159.43052704601496,360.0,1.0,Rural,Y
LP000023,Male,Yes,2,Not Graduate,Yes,4523,0,178.13870855030922,60.0,0.0,Urban,N
LP000024,Male,Yes,0,Not Graduate,No,3284,1455,83.88026446777023,360.0,1.0,Semiurban,Y
LP000025,Male,Yes,0,Graduate,No,3522,0,183.19256723283183,360.0,1.0,Rural,N
LP000026,Male,Yes,0,Graduate,No,5203,2271,184.55551468875493,360.0,0.0,Urban,Y
LP000027,Male,Yes,1,Graduate,No,5831,3399,195.81614804950297,360.0,1.0,Urban,N
LP000028,Male,Yes,0,Graduate,No,5762,0,223.36328496782406,120.0,1.0,Semiurban,Y
LP000029,Male,Yes,0,Not Graduate,No,5787,0,194.96756322813945,,1.0,Rural,Y
LP000030,Male,Yes,0,Graduate,No,2471,4197,82.14278472042271,360.0,0.0,Semiurban,N
LP000031,Male,Yes,0,Graduate,No,3204,1635,141.92215686253866,360.0,0.0,Semiurban,N
LP000032,Male,No,1,Not Graduate,No,4749,0,,360.0,1.0,Urban,Y
LP000033,Male,Yes,0,Graduate,,7389,2993,259.6467973429748,360.0,1.0,Urban,Y
LP000034,Female,No,2,Graduate,No,11862,0,454.97178508205025,120.0,1.0,Rural,Y
LP000035,Female,No,0,Graduate,No,5354,1239,257.13332019080974,180.0,0.0,Urban,Y
LP000036,Female,Yes,0,Graduate,No,6405,0,276.05600470935764,84.0,1.0,Semiurban,Y
LP000037,Male,Yes,,Graduate,No,2331,0,176.24260157394167,300.0,1.0,Rural,Y
LP000038,Male,Yes,0,Graduate,No,6329,0,300.3651269496611,360.0,0.0,Urban,N
LP000039,Male,Yes,0,Graduate,No,10429,5080,462.9317227423976,,1.0,Semiurban,Y
LP000040,Male,No,0,Not Graduate,No,3198,1734,72.40525798176793,120.0,1.0,Urban,Y
LP000041,Male,Yes,1,Graduate,No,3577,0,173.63441406533693,300.0,1.0,Semiurban,N
LP000042,Male,Yes,0,Graduate,No,6780,0,269.0757279321236,120.0,1.0,Urban,N
LP000043,Male,Yes,1,Graduate,No,4721,0,166.80072785847003,360.0,1.0,Semiurban,Y
LP000044,Female,Yes,2,Graduate,No,1626,1237,71.76061362130115,360.0,,Urban,Y
LP000045,Male,Yes,2,Graduate,No,3680,0,185.00846138445934,300.0,1.0,Semiurban,N
LP000046,Male,Yes,0,Graduate,No,8531,0,361.27326364016847,180.0,1.0,Semiurban,Y
LP000047,Male,Yes,0,Graduate,No,4089,0,128.4210479463176,36.0,1.0,Urban,Y
LP000048,Male,No,0,Not Graduate,No,4088,5080,193.21835654370483,360.0,1.0,Semiurban,Y
LP000049,Male,Yes,0,Graduate,,6590,2825,238.09649831696146,360.0,1.0,Urban,Y
LP000050,Male,Yes,3+,Graduate,Yes,5440,0,226.26732475857145,360.0,1.0,Semiurban,Y
LP000051,Female,Yes,0,Not Graduate,No,3986,3780,147.30599730091464,120.0,0.0,Urban,N
LP000052,Male,Yes,,Graduate,No,3465,0,129.84534993057497,360.0,1.0,Semiurban,Y
LP000053,Female,Yes,1,Graduate,No,14376,1903,605.6897190016203,360.0,1.0,Urban,Y
LP000054,Female,Yes,1,Graduate,,7904,0,274.5522512073641,,1.0,Semiurban,N
LP000055,Male,Yes,1,Graduate,Yes,5786,1741,309.2478029710773,360.0,,Urban,Y
LP000056,Female,Yes,0,Graduate,No,5951,0,165.19655722822014,300.0,1.0,Semiurban,Y
LP000057,Male,Yes,0,Graduate,No,4400,3464,152.09329266980572,360.0,1.0,Urban,Y
LP000058,Male,No,0,Not Graduate,No,5411,1952,231.24847559766962,300.0,1.0,Rural,Y
LP000059,Male,Yes,0,Graduate,No,4187,762,190.85256665741238,360.0,,Rural,Y
LP000060,Male,Yes,0,Graduate,No,3058,0,118.30097117713179,84.0,1.0,Urban,Y
LP000061,Male,Yes,0,Graduate,Yes,5506,1903,,240.0,1.0,Semiurban,Y
LP000062,Male,No,0,Graduate,No,4021,3108,177.26200341310465,360.0,1.0,Urban,Y
LP000063,Female,Yes,0,Graduate,No,5634,3950,216.1172209016928,360.0,1.0,Semiurban,Y
LP000064,Male,Yes,0,Graduate,No,6104,1638,,360.0,1.0,Semiurban,Y
LP000065,Male,No,1,Not Graduate,No,5766,2263,264.2139645692641,360.0,1.0,Semiurban,Y
LP000066,Male,No,1,Graduate,Yes,2937,1333,152.3929740402254,84.0,1.0,Semiurban,Y
LP000067,Male,No,2,Graduate,No,3821,2889,114.19373106518333,360.0,,Urban,Y
LP000068,Female,Yes,0,Graduate,No,4057,0,159.1044630237719,360.0,0.0,Urban,Y
LP000069,Male,Yes,0,Graduate,No,7108,983,272.30136205117185,360.0,1.0,Urban,Y
LP000070,Female,No,0,Not Graduate,,6945,0,237.57594497242138,120.0,0.0,Semiurban,N
LP000071,Male,No,1,Not Graduate,No,3295,3172,146.2065673578307,60.0,1.0,Semiurban,Y
LP000072,Male,,1,Graduate,No,2441,1635,76.13416968880733,360.0,1.0,Semiurban,Y
LP000073,Male,Yes,0,Graduate,Yes,12116,2569,510.8561531940095,360.0,1.0,Urban,N
LP000074,Female,Yes,,Graduate,No,5665,1372,183.79233748422672,360.0,1.0,Urban,N
LP000075,Male,No,0,Not Graduate,No,2278,0,159.88162451367285,360.0,1.0,Urban,Y
LP000076,Male,Yes,0,Graduate,No,3549,3346,106.10669365631753,360.0,1.0,Urban,Y
LP000077,Male,Yes,1,Graduate,No,7239,0,298.33209348801745,360.0,1.0,Urban,Y
LP000078,Male,Yes,2,Graduate,Yes,10788,0,463.1943724155227,360.0,1.0,Rural,Y
LP000079,Male,Yes,1,Graduate,No,9987,0,376.6543827919955,360.0,1.0,Rural,Y
LP000080,Male,Yes,2,Graduate,No,5559,0,256.45874573731805,360.0,1.0,Semiurban,Y
LP000081,Female,Yes,0,Graduate,No,4673,2681,137.75265608798333,360.0,0.0,Semiurban,Y
LP000082,Male,Yes,2,Graduate,No,2801,0,170.1247079673024,360.0,1.0,Urban,Y
LP000083,Male,Yes,0,Not Graduate,No,4854,0,194.72597059863034,180.0,1.0,Rural,Y
LP000084,Male,Yes,2,Graduate,No,2987,0,95.62354368124483,180.0,1.0,Urban,Y
LP000085,Male,Yes,0,Graduate,No,3839,901,141.59272910290264,360.0,1.0,Rural,Y
LP000086,Male,Yes,2,Graduate,No,6777,2185,303.43677077570874,360.0,0.0,Semiurban,N
LP000087,Male,Yes,0,Graduate,No,4177,1223,143.70178832598248,180.0,1.0,Urban,Y
LP000088,Male,Yes,1,Graduate,,4048,0,,240.0,1.0,Rural,N
LP000089,Female,Yes,0,Graduate,Yes,4559,2736,173.4985360966505,360.0,1.0,Urban,Y
LP000090,Male,Yes,2,Graduate,No,12926,0,469.96151548920125,360.0,1.0,Semiurban,Y
LP000091,Male,Yes,0,Graduate,Yes,2653,0,178.94175631767263,360.0,,Semiurban,N
LP000092,Male,No,0,Graduate,No,5299,2889,189.30421635141107,360.0,1.0,Urban,Y
LP000093,Male,Yes,0,Graduate,No,9589,2504,416.82467144721613,360.0,1.0,Semiurban,Y
LP000094,Male,No,0,Not Graduate,Yes,4552,0,190.45880334591092,360.0,1.0,Semiurban,Y
LP000095,Male,Yes,2,Graduate,,7840,2654,274.21863798072127,360.0,1.0,Semiurban,Y
LP000096,Male,No,0,Not Graduate,Yes,2357,0,94.04181163149083,360.0,1.0,Urban,Y
LP000097,Male,No,3+,Graduate,No,4241,0,201.0001111724299,360.0,0.0,Rural,N
LP000098,Male,Yes,0,Graduate,No,3142,1599,118.14954659654775,360.0,1.0,Urban,Y
LP000099,Male,Yes,,Graduate,,4530,0,228.9245178340411,360.0,1.0,Urban,Y
LP000100,Male,Yes,2,Graduate,No,4574,3362,223.82061571127457,360.0,,Urban,Y
LP000101,Male,Yes,1,Not Graduate,No,4793,4520,228.47659418633316,360.0,1.0,Urban,N
LP000102,Male,No,0,Graduate,No,6749,4302,251.5737291090801,84.0,1.0,Urban,Y
LP000103,Male,No,1,Not Graduate,Yes,1301,3867,9.0,360.0,1.0,Rural,Y
LP000104,,No,1,Graduate,No,3474,0,114.41649578548822,180.0,1.0,Urban,Y
LP000105,Female,Yes,0,Graduate,No,5138,0,213.36963762666883,240.0,1.0,Urban,N
LP000106,Male,No,3+,Graduate,No,1673,0,88.75146854129423,360.0,1.0,Urban,Y
LP000107,Male,No,3+,Graduate,Yes,6137,0,158.6171438095821,360.0,1.0,Semiurban,Y
LP000108,Male,Yes,1,Graduate,Yes,3443,2143,137.39547193553,360.0,1.0,Rural,Y
LP000109,Male,Yes,,Graduate,No,4279,4153,177.48356901292738,84.0,0.0,Urban,Y
LP000110,Male,No,1,Graduate,No,6885,1723,264.2982297473779,,1.0,Urban,N
LP000111,Male,Yes,0,Graduate,No,7998,5696,371.5709535606352,180.0,1.0,Urban,Y
LP000112,Male,No,0,Graduate,No,6220,2022,265.67120297003487,360.0,1.0,Urban,Y
LP000113,Female,Yes,0,Not Graduate,No,2615,0,157.00767632323587,360.0,,Urban,N
LP000114,,No,0,Not Graduate,No,6083,384,234.6815791859907,360.0,,Semiurban,N
LP000115,Male,Yes,2,Graduate,No,6264,2908,288.059099700277,360.0,1.0,Urban,Y
LP000116,Female,Yes,1,Graduate,No,5725,0,294.40265578110075,360.0,1.0,Semiurban,Y
LP000117,Female,Yes,2,Graduate,No,8570,1665,395.26773797090647,360.0,1.0,Urban,Y
LP000118,Male,No,0,Not Graduate,No,4850,0,150.31433626285067,120.0,1.0,Rural,Y
LP000119,Female,No,0,Graduate,No,8424,0,,360.0,,Rural,N
LP000120,Male,Yes,0,Graduate,No,8402,0,322.2734117820081,360.0,1.0,Semiurban,N
LP000121,Female,Yes,3+,Not Graduate,No,6342,0,273.2501814030531,360.0,1.0,Urban,Y
LP000122,Female,No,0,Graduate,No,5337,0,240.9341422005813,300.0,1.0,Semiurban,N
LP000123,Male,Yes,2,Graduate,,5740,0,196.04429303897055,180.0,1.0,Semiurban,Y
LP000124,Male,No,1,Graduate,No,9386,0,378.1535405566775,360.0,0.0,Semiurban,N
LP000125,Male,Yes,,Graduate,Yes,7385,2020,214.60290671375452,360.0,1.0,Semiurban,Y
LP000126,Male,Yes,1,Graduate,No,2772,5000,168.55780023207558,360.0,1.0,Rural,N
LP000127,Female,Yes,0,Graduate,No,5580,1942,202.70503037293224,240.0,1.0,Rural,Y
LP000128,Female,Yes,2,Graduate,No,3064,0,124.79455759377988,360.0,1.0,Urban,Y
LP000129,Male,No,2,Graduate,No,3394,0,123.37401144047755,360.0,1.0,Semiurban,N
LP000130,Male,Yes,0,Not Graduate,No,3911,513,202.2811030005366,360.0,1.0,Urban,N
LP000131,Male,Yes,0,Graduate,Yes,2241,0,9.0,360.0,1.0,Urban,Y
LP000132,Male,No,1,Graduate,No,2967,989,118.01558630696364,120.0,1.0,Semiurban,N
LP000133,Male,Yes,3+,Graduate,No,8778,3148,346.88724970009207,360.0,,Urban,N
LP000134,Male,Yes,0,Not Graduate,No,3384,1853,117.2145444963327,360.0,0.0,Rural,N
LP000135,Female,No,1,Graduate,No,6766,1734,339.68906182542526,360.0,,Urban,N
LP000136,Male,Yes,1,Graduate,,5047,0,166.38682164576915,360.0,1.0,Semiurban,Y
LP000137,Male,Yes,2,Not Graduate,No,5966,5761,269.51184708942645,240.0,1.0,Semiurban,Y
LP000138,Male,No,0,Not Graduate,,6079,4101,257.4101115482433,360.0,1.0,Semiurban,Y
LP000139,Male,Yes,1,Graduate,No,2903,0,166.58077010142063,300.0,0.0,Semiurban,N
LP000140,Female,Yes,2,Not Graduate,No,6749,0,243.27243660889977,180.0,,Rural,N
LP000141,Female,Yes,0,Graduate,No,2478,0,69.80124403504965,360.0,0.0,Semiurban,N
LP000142,Male,No,0,Graduate,No,3317,0,176.52279629909594,360.0,1.0,Semiurban,Y
LP000143,Male,Yes,3+,Graduate,No,6040,0,258.6128523332044,360.0,,Urban,Y
LP000144,Male,Yes,0,Graduate,Yes,2809,2915,50.562506132929656,180.0,1.0,Semiurban,Y
LP000145,Male,No,2,Graduate,No,1581,0,41.667799421469184,360.0,1.0,Rural,Y
LP000146,Male,No,0,Graduate,Yes,5463,0,233.97530615392245,360.0,1.0,Semiurban,Y
LP000147,Male,Yes,0,Graduate,No,2036,0,114.95056886186356,360.0,1.0,Rural,Y
LP000148,Male,Yes,2,Graduate,No,6292,0,224.5107738722818,180.0,1.0,Semiurban,Y
LP000149,Male,Yes,0,Graduate,Yes,4044,2768,45.18976040732235,360.0,1.0,Urban,Y
LP000150,Male,No,0,Graduate,No,5428,1941,238.04892742948132,360.0,1.0,Urban,Y
LP000151,Female,Yes,0,Graduate,Yes,5383,0,,360.0,1.0,Urban,Y
LP000152,Male,Yes,1,Graduate,No,6499,0,179.26644807510354,360.0,0.0,Semiurban,Y
LP000153,,No,0,Graduate,No,6118,2021,131.42696300063437,120.0,1.0,Rural,Y
LP000154,Male,No,0,Graduate,Yes,2796,1274,144.39923440790966,360.0,1.0,Urban,Y
LP000155,Female,Yes,3+,Not Graduate,No,4159,0,171.5046980161987,120.0,0.0,Semiurban,N
LP000156,Male,No,0,Graduate,Yes,5425,1758,207.97374477150993,360.0,0.0,Semiurban,N
LP000157,Male,Yes,1,Graduate,No,8491,0,395.20097451851046,360.0,1.0,Semiurban,Y
LP000158,Male,No,0,Graduate,No,6143,2049,271.2129873209229,360.0,1.0,Urban,Y
LP000159,Male,Yes,2,Graduate,No,8166,0,391.2920017088767,360.0,1.0,Urban,Y
LP000160,Male,Yes,0,Graduate,Yes,5553,0,166.41058111332015,360.0,1.0,Urban,N
LP000161,Male,No,3+,Not Graduate,No,7442,2025,296.2979750418415,360.0,1.0,Urban,Y
LP000162,Male,Yes,0,Graduate,No,5226,2592,144.37146500207942,360.0,0.0,Urban,N
LP000163,Male,Yes,0,Graduate,No,7307,0,283.1047067257813,360.0,1.0,Urban,N
LP000164,Male,No,0,Graduate,No,3947,0,147.9353658493329,360.0,0.0,Semiurban,Y
LP000165,Male,No,0,Graduate,No,8924,5074,382.0245454905228,84.0,0.0,Urban,N
LP000166,Female,Yes,,Graduate,No,5831,2201,235.06255524567595,360.0,0.0,Rural,N
LP000167,Male,No,0,Graduate,No,2249,0,114.89628553119661,360.0,1.0,Urban,Y
LP000168,Male,Yes,2,Graduate,No,5506,0,248.37760532555578,360.0,0.0,Urban,Y
LP000169,Male,Yes,0,Graduate,No,6152,0,332.2771470953257,180.0,1.0,Urban,Y
LP000170,Male,Yes,0,Graduate,No,6852,4329,261.468133788555,120.0,1.0,Urban,Y
LP000171,Male,Yes,1,Not Graduate,Yes,10288,0,373.8790919733448,360.0,1.0,Rural,Y
LP000172,Male,No,1,Graduate,No,3657,0,156.12334461265635,84.0,1.0,Urban,Y
LP000173,Male,Yes,0,Graduate,No,10319,1239,380.66879891441823,360.0,1.0,Rural,Y
LP000174,Male,Yes,0,Graduate,No,4674,0,,360.0,1.0,Rural,Y
LP000175,Male,Yes,0,Graduate,No,3239,1618,118.2312784421907,84.0,1.0,Semiurban,Y
LP000176,Male,No,2,Not Graduate,No,3694,1226,125.13694528504038,84.0,1.0,Semiurban,Y
LP000177,Male,Yes,1,Graduate,Yes,5991,3630,220.78737115395526,360.0,1.0,Semiurban,Y
LP000178,Male,Yes,0,Graduate,No,3012,926,149.21669693886565,300.0,1.0,Semiurban,Y
LP000179,Female,Yes,2,Not Graduate,No,3979,0,152.85012067074058,360.0,0.0,Semiurban,N
LP000180,Male,Yes,2,Graduate,No,5445,1486,192.13332719478473,300.0,1.0,Urban,Y
LP000181,Male,Yes,1,Not Graduate,No,8893,3646,422.33407670494125,360.0,1.0,Urban,Y
LP000182,Male,No,2,Graduate,No,6765,0,236.35320637353,360.0,1.0,Semiurban,Y
LP000183,Female,No,0,Graduate,No,4761,0,191.86264296131975,360.0,1.0,Semiurban,Y
LP000184,Female,Yes,0,Graduate,No,5979,2988,265.25224606440923,360.0,1.0,Rural,Y
LP000185,Male,No,0,Graduate,No,5207,0,143.0265955833171,360.0,1.0,Urban,Y
LP000186,Male,No,0,Not Graduate,Yes,2595,405,123.010420056237,360.0,,Rural,Y
LP000187,Female,No,0,Graduate,No,9578,0,340.915692980782,,1.0,Urban,Y
LP000188,Male,Yes,3+,Graduate,No,8956,7383,391.1513112333601,360.0,1.0,Semiurban,Y
LP000189,Male,Yes,0,Graduate,Yes,4508,2530,141.81395952324095,360.0,1.0,Urban,Y
LP000190,Male,Yes,0,Graduate,No,3757,0,177.99076127395443,360.0,0.0,Semiurban,N
LP000191,Male,Yes,0,Graduate,No,2625,0,149.2333226517885,360.0,1.0,Urban,Y
LP000192,Female,No,3+,Not Graduate,No,6145,0,280.2574610253122,180.0,1.0,Semiurban,N
LP000193,Female,No,0,Graduate,No,6162,513,256.5326659295241,84.0,1.0,Rural,Y
LP000194,Male,No,0,Graduate,No,3135,2020,116.14796228281203,180.0,1.0,Semiurban,Y
LP000195,Male,Yes,0,Graduate,No,5235,995,186.34321694660625,360.0,1.0,Semiurban,Y
LP000196,Male,Yes,0,Graduate,No,6672,0,325.7213876326841,180.0,1.0,Rural,Y
LP000197,Male,No,3+,Graduate,No,3637,1708,117.50019119329426,360.0,1.0,Semiurban,Y
LP000198,Female,No,3+,Graduate,Yes,4254,365,128.67735705720014,360.0,1.0,Semiurban,Y
LP000199,Female,Yes,0,Not Graduate,No,4235,1975,,360.0,1.0,Urban,N
LP000200,Male,No,3+,Graduate,No,3232,1226,97.43452787254019,120.0,1.0,Rural,Y
LP000201,Male,No,1,Graduate,No,4295,0,133.79746010135491,360.0,1.0,Semiurban,Y
LP000202,Male,Yes,2,Graduate,No,2057,4454,24.535829513209407,360.0,1.0,Urban,Y
LP000203,Male,Yes,,Not Graduate,No,4134,2248,146.0436064215793,360.0,,Urban,N
LP000204,Female,Yes,0,Graduate,No,4164,2375,163.25139904414027,300.0,0.0,Rural,N
LP000205,Male,Yes,0,Graduate,No,4534,2271,191.08366910642798,360.0,1.0,Urban,N
LP000206,Male,Yes,1,Graduate,No,5780,2375,269.25224977197934,360.0,1.0,Rural,Y
LP000207,Male,No,0,Graduate,No,2520,0,,360.0,1.0,Urban,Y
LP000208,Male,Yes,0,Graduate,No,2758,0,102.6851112178728,360.0,1.0,Rural,Y
LP000209,Male,Yes,0,Graduate,No,3193,0,119.7921729448112,360.0,1.0,Semiurban,Y
LP000210,Male,Yes,1,Graduate,No,2389,0,115.96629875660734,360.0,,Semiurban,N
LP000211,Male,Yes,0,Graduate,Yes,6073,1238,293.8228065171428,300.0,1.0,Rural,N
LP000212,Male,No,1,Not Graduate,No,3563,0,147.57256797932803,360.0,1.0,Semiurban,Y
LP000213,Male,Yes,3+,Not Graduate,No,4599,0,165.19476583158365,360.0,1.0,Semiurban,Y
LP000214,Male,Yes,0,Graduate,No,3063,0,82.80535995657817,360.0,1.0,Urban,Y
LP000215,Male,No,1,Graduate,No,3932,0,,360.0,1.0,Urban,N
LP000216,Male,Yes,0,Graduate,No,5347,1708,240.53078688174094,360.0,1.0,Urban,Y
LP000217,Male,Yes,2,Graduate,No,5463,2603,241.6391409455823,360.0,1.0,Semiurban,Y
LP000218,Male,Yes,0,Graduate,No,2816,2239,135.73454100426648,360.0,0.0,Urban,Y
LP000219,Male,Yes,1,Graduate,No,4494,0,174.61362214591776,120.0,1.0,Urban,Y
LP000220,Female,Yes,2,Graduate,No,3088,0,179.79738983567003,360.0,0.0,Semiurban,N
LP000221,Male,Yes,3+,Not Graduate,No,4418,850,157.3552602166073,360.0,0.0,Semiurban,N
LP000222,Male,Yes,1,Graduate,Yes,3423,0,175.1307694882882,120.0,1.0,Semiurban,Y
LP000223,Male,No,0,Graduate,Yes,9850,0,392.45028420041825,360.0,0.0,Urban,Y
LP000224,Male,Yes,1,Not Graduate,No,6655,0,241.86596941282647,180.0,1.0,Urban,Y
LP000225,Male,Yes,2,Graduate,No,5570,0,246.50121229271048,360.0,,Rural,N
LP000226,Male,Yes,1,Graduate,No,4089,1329,179.94544474735974,360.0,1.0,Urban,Y
LP000227,Female,Yes,0,Graduate,Yes,6740,0,283.8789103706771,120.0,1.0,Rural,Y
LP000228,Male,No,3+,Graduate,No,4554,2654,185.41113688224794,360.0,1.0,Rural,N
LP000229,Female,Yes,1,Graduate,No,9400,0,374.48427673132676,360.0,1.0,Rural,Y
LP000230,Male,No,1,Graduate,Yes,7038,1289,377.0548797148175,180.0,,Urban,N
LP000231,Male,Yes,0,Graduate,Yes,3918,1237,204.09026580784692,360.0,1.0,Rural,Y
LP000232,Male,Yes,1,Not Graduate,No,8922,0,385.7930757994205,360.0,1.0,Rural,Y
LP000233,Male,Yes,0,Not Graduate,No,4099,1723,168.43196632813553,360.0,1.0,Semiurban,Y
LP000234,Male,No,1,Not Graduate,No,10107,0,444.5662880238667,120.0,,Urban,N
LP000235,Male,Yes,0,Graduate,,9134,875,386.07979105565806,240.0,1.0,Urban,Y
LP000236,Male,Yes,1,Graduate,No,5334,0,214.40819011096144,360.0,1.0,Urban,Y
LP000237,Male,Yes,3+,Not Graduate,,2097,0,71.7374269893634,360.0,1.0,Semiurban,Y
LP000238,Male,,0,Graduate,No,5150,0,202.76330649349248,84.0,1.0,Semiurban,Y
LP000239,Male,Yes,3+,Graduate,No,2674,0,9.0,360.0,1.0,Urban,Y
LP000240,Male,No,0,Graduate,No,3472,1274,147.30403357190568,360.0,1.0,Semiurban,Y
LP000241,Female,Yes,2,Graduate,No,3596,0,124.30095679558562,180.0,1.0,Urban,Y
LP000242,Female,Yes,2,Not Graduate,No,2663,1599,170.22679993131536,120.0,1.0,Semiurban,N
LP000243,Female,Yes,1,Graduate,No,5159,1856,207.13376283247018,300.0,1.0,Rural,Y
LP000244,Male,Yes,2,Graduate,No,3281,5000,83.68146321860154,360.0,1.0,Urban,Y
LP000245,Male,Yes,2,Graduate,No,4186,0,165.4447938348753,360.0,1.0,Semiurban,N
LP000246,Female,Yes,0,Graduate,No,3610,2736,,360.0,0.0,Urban,Y
LP000247,Male,No,0,Not Graduate,Yes,5791,3202,250.57629662849865,360.0,,Semiurban,Y
LP000248,Female,Yes,1,Graduate,Yes,5606,0,235.87789457357943,360.0,1.0,Semiurban,N
LP000249,Female,Yes,2,Graduate,No,4032,5014,199.5935852443307,180.0,1.0,Rural,Y
LP000250,Female,Yes,2,Not Graduate,No,5919,3428,205.1247283322174,360.0,1.0,Urban,Y
LP000251,Male,Yes,2,Graduate,,7856,2346,315.60032384912586,120.0,1.0,Rural,Y
LP000252,Male,Yes,0,Graduate,No,1454,0,9.0,360.0,1.0,Urban,N
LP000253,,Yes,2,Graduate,Yes,3514,0,168.6197912769886,360.0,1.0,Semiurban,N
LP000254,Male,Yes,0,Not Graduate,,2921,0,137.5948472176049,,1.0,Urban,Y
LP000255,Male,No,0,Graduate,No,3367,2620,154.51220084110284,360.0,,Rural,Y
LP000256,Male,No,0,Graduate,,1309,2774,52.42476125427764,360.0,1.0,Semiurban,N
LP000257,Female,Yes,0,Not Graduate,No,1421,4175,73.43091563155164,60.0,1.0,Semiurban,Y
LP000258,Male,Yes,0,Graduate,No,892,3849,99.85356433234386,120.0,1.0,Rural,Y
LP000259,Male,Yes,0,Not Graduate,Yes,3668,0,135.31622971831945,360.0,1.0,Urban,N
LP000260,Male,Yes,1,Graduate,No,3619,0,150.30580734840336,360.0,1.0,Urban,Y
LP000261,Male,Yes,0,Graduate,No,8354,0,290.7149480327436,240.0,1.0,Rural,Y
LP000262,Female,Yes,0,Graduate,No,4978,2504,164.3895615360667,360.0,1.0,Urban,Y
LP000263,Male,No,0,Not Graduate,No,1411,629,60.35253172373229,360.0,1.0,Urban,Y
LP000264,Male,No,0,Graduate,Yes,5853,3858,278.2773418680763,360.0,,Semiurban,Y
LP000265,Female,Yes,0,Not Graduate,No,19324,0,700.0,240.0,1.0,Semiurban,Y
LP000266,Male,Yes,0,Not Graduate,,1457,0,48.84333882751504,360.0,1.0,Urban,Y
LP000267,Male,Yes,1,Graduate,No,9471,0,362.564590219825,360.0,1.0,Urban,Y
LP000268,Male,No,1,Not Graduate,No,4569,0,161.36973316622706,240.0,1.0,Urban,Y
LP000269,Male,Yes,1,Graduate,No,3808,0,,360.0,1.0,Semiurban,Y
LP000270,Male,Yes,0,Graduate,No,3540,0,81.70969419285422,360.0,1.0,Rural,N
LP000271,Female,No,0,Graduate,Yes,5415,2521,267.8375830666691,360.0,,Rural,N
LP000272,Female,Yes,2,Not Graduate,No,3824,2569,126.34310807482159,300.0,,Semiurban,N
LP000273,Female,No,0,Graduate,No,2626,0,133.91613941752567,360.0,1.0,Urban,Y
LP000274,Female,Yes,0,Graduate,No,3603,1198,93.32005610424497,36.0,0.0,Rural,N
LP000275,Male,Yes,0,Graduate,No,5484,0,246.11360522184873,360.0,1.0,Semiurban,Y
LP000276,Male,Yes,0,Graduate,No,6309,0,279.2377843125799,360.0,1.0,Urban,N
LP000277,Male,No,0,Graduate,Yes,9907,0,411.64808288023585,36.0,1.0,Rural,Y
LP000278,Male,No,0,Not Graduate,No,4881,0,155.46285912800832,360.0,0.0,Semiurban,Y
LP000279,Male,No,1,Not Graduate,No,8063,2282,,360.0,1.0,Semiurban,Y
LP000280,Male,Yes,0,Graduate,No,4258,0,122.99775261062443,360.0,1.0,Semiurban,Y
LP000281,Female,No,1,Not Graduate,No,4529,0,171.04946979615258,360.0,1.0,Urban,Y
LP000282,Male,Yes,2,Graduate,No,4420,0,217.97652403821306,360.0,1.0,Urban,Y
LP000283,Male,Yes,2,Not Graduate,No,5146,5696,237.70807708282967,360.0,1.0,Semiurban,N
LP000284,Male,No,1,Graduate,Yes,6807,1952,272.8873177016173,360.0,0.0,Urban,N
LP000285,Male,Yes,3+,Graduate,No,3750,4329,111.00773696308633,,1.0,Semiurban,Y
LP000286,Male,Yes,0,Graduate,No,2997,3298,145.70350848696773,360.0,1.0,Rural,Y
LP000287,Male,Yes,0,Not Graduate,No,7049,1198,282.73524950792097,36.0,1.0,Rural,Y
LP000288,Male,Yes,0,Graduate,No,6826,0,180.2273760707831,360.0,1.0,Semiurban,Y
LP000289,Male,Yes,1,Graduate,No,8625,0,376.30519305266074,360.0,1.0,Rural,Y
LP000290,Male,Yes,2,Graduate,No,3479,0,138.1906866452123,360.0,1.0,Rural,Y
LP000291,Male,Yes,0,Graduate,No,4188,0,215.6180499193229,360.0,1.0,Semiurban,Y
LP000292,Male,No,3+,Graduate,No,7167,4347,242.8691792462878,360.0,1.0,Urban,N
LP000293,Female,No,0,Graduate,,3729,3084,22.09184747215997,120.0,1.0,Urban,Y
LP000294,Male,Yes,3+,Not Graduate,No,6191,5000,258.8033543338074,84.0,1.0,Urban,Y
LP000295,Male,Yes,0,Graduate,No,4267,0,182.34254706727893,60.0,1.0,Urban,N
LP000296,Male,Yes,0,Graduate,No,5402,3172,148.45313489574193,360.0,1.0,Urban,Y
LP000297,,Yes,,Graduate,No,2600,0,64.86001816533575,84.0,,Urban,Y
LP000298,Male,Yes,0,Not Graduate,No,4853,2466,304.3287097487961,360.0,1.0,Semiurban,N
LP000299,Male,Yes,0,Not Graduate,No,728,1941,16.895575433847867,360.0,1.0,Rural,Y
LP000300,Male,Yes,0,Graduate,No,7786,0,340.67835905504865,300.0,1.0,Urban,Y
LP000301,Male,Yes,2,Graduate,No,6555,2619,236.17360690526465,360.0,1.0,Semiurban,Y
LP000302,Male,Yes,0,Graduate,No,2902,0,32.46788404587373,360.0,,Semiurban,Y
LP000303,Male,Yes,0,Graduate,No,9550,812,375.18967012816375,360.0,1.0,Urban,Y
LP000304,Male,No,1,Not Graduate,Yes,7574,1272,292.33581758855576,360.0,1.0,Rural,N
LP000305,Male,No,1,Graduate,,2661,0,90.44487045326514,180.0,1.0,Semiurban,Y
LP000306,Female,Yes,0,Graduate,Yes,3614,1767,139.9743665797443,360.0,1.0,Urban,Y
LP000307,Male,No,0,Graduate,No,2736,2626,120.01073086582547,36.0,0.0,Semiurban,Y
LP000308,Male,Yes,0,Not Graduate,No,5470,1977,212.79532194984776,360.0,1.0,Urban,N
LP000309,Male,No,0,Graduate,Yes,3539,3742,90.99975328210544,360.0,1.0,Semiurban,N
LP000310,Male,No,1,Graduate,No,1634,0,84.80739166247756,360.0,1.0,Urban,Y
LP000311,Male,Yes,0,Graduate,No,4519,0,102.78512978710306,360.0,1.0,Rural,Y
LP000312,Male,Yes,0,Not Graduate,No,6925,2156,194.985701708632,360.0,0.0,Semiurban,N
LP000313,Male,Yes,1,Graduate,No,4898,4977,225.4872197880627,180.0,1.0,Semiurban,Y
LP000314,Female,Yes,0,Graduate,No,5941,1486,257.92081088541426,300.0,1.0,Urban,Y
LP000315,Female,Yes,1,Graduate,Yes,5111,5754,202.14418539703857,240.0,1.0,Semiurban,Y
LP000316,Male,Yes,0,Graduate,No,6434,0,201.54205980979714,120.0,1.0,Rural,N
LP000317,Male,Yes,3+,Graduate,No,5318,5591,184.40356237303698,300.0,1.0,Semiurban,Y
LP000318,Male,No,0,Graduate,No,4406,0,165.73013009253984,360.0,1.0,Semiurban,Y
LP000319,Male,No,2,Graduate,No,4871,1696,131.00424125703546,120.0,1.0,Semiurban,Y
LP000320,Male,Yes,1,Graduate,No,8768,0,321.1588536790707,360.0,1.0,Rural,Y
LP000321,Male,Yes,0,Graduate,Yes,6091,0,269.73321352706716,360.0,1.0,Semiurban,Y
LP000322,Male,Yes,1,Not Graduate,No,2897,0,172.97221457156866,360.0,,Rural,N
LP000323,Male,Yes,3+,Graduate,No,4836,3827,176.662609893658,360.0,1.0,Rural,Y
LP000324,Male,No,1,Not Graduate,No,5426,1708,247.29953417264392,360.0,1.0,Semiurban,N
LP000325,Female,Yes,2,Graduate,,4339,0,96.99759717650132,60.0,1.0,Urban,Y
LP000326,Male,Yes,2,Graduate,No,1639,3867,91.93804964454446,360.0,1.0,Semiurban,Y
LP000327,Male,Yes,0,Graduate,No,3043,0,89.56206341090075,360.0,1.0,Rural,Y
LP000328,Male,Yes,0,Graduate,No,3828,1218,165.4138246683188,360.0,0.0,Urban,Y
LP000329,Male,No,1,Graduate,No,10047,1941,391.96990327041163,360.0,1.0,Semiurban,Y
LP000330,Male,No,0,Graduate,No,5797,1208,284.6965603913534,360.0,1.0,Rural,Y
LP000331,Male,Yes,2,Graduate,No,2058,0,47.342574066403266,360.0,1.0,Urban,Y
LP000332,Male,Yes,2,Not Graduate,No,4467,4313,203.78425190247324,360.0,1.0,Semiurban,Y
LP000333,Male,Yes,0,Graduate,No,8156,0,315.05970146813866,360.0,1.0,Urban,Y
LP000334,Male,No,0,Not Graduate,No,3516,2446,,120.0,1.0,Urban,N
LP000335,Male,No,2,Graduate,No,7288,0,284.1658442736316,180.0,1.0,Rural,Y
LP000336,Male,Yes,0,Graduate,No,2093,4484,49.89307582023548,,1.0,Urban,Y
LP000337,Female,Yes,2,Graduate,No,832,5000,32.71604136373314,360.0,1.0,Urban,Y
LP000338,Male,No,0,Graduate,No,7769,0,308.25407111512715,360.0,1.0,Rural,Y
LP000339,Male,Yes,1,Graduate,No,3735,3793,159.04960993626918,180.0,1.0,Urban,Y
LP000340,Male,No,0,Graduate,No,1680,0,70.58020582771451,360.0,1.0,Rural,Y
LP000341,Male,Yes,1,Graduate,Yes,3876,3108,186.95978198448944,360.0,1.0,Rural,N
LP000342,Male,Yes,0,Graduate,,5090,2446,240.54034464189473,120.0,1.0,Urban,N
LP000343,Male,Yes,1,Graduate,No,5705,0,186.17506712688794,360.0,1.0,Urban,Y
LP000344,Male,Yes,0,Not Graduate,No,1091,0,78.39090002363085,360.0,1.0,Semiurban,N
LP000345,Male,Yes,2,Not Graduate,No,3384,2889,87.90654291560584,360.0,1.0,Semiurban,Y
LP000346,Male,No,2,Graduate,No,4795,0,215.31423552550942,240.0,1.0,Urban,Y
LP000347,Male,Yes,0,Not Graduate,No,5700,1783,252.78955138811475,300.0,1.0,Semiurban,Y
LP000348,Male,Yes,0,Graduate,No,2880,1999,38.74732433349983,180.0,1.0,Urban,Y
LP000349,Male,Yes,0,Graduate,No,4234,0,173.0791698611764,360.0,1.0,Rural,N
LP000350,Male,Yes,1,Not Graduate,No,3510,0,121.66015546558738,,0.0,Urban,N
LP000351,Male,Yes,1,Graduate,No,5167,1268,176.329389682585,60.0,1.0,Urban,Y
LP000352,Female,Yes,0,Graduate,No,7645,0,359.83409322796024,60.0,1.0,Urban,Y
LP000353,Male,No,0,Graduate,No,3977,762,132.93283437450324,360.0,1.0,Rural,N
LP000354,Male,Yes,0,Graduate,No,2286,2743,59.184922835278,120.0,1.0,Semiurban,Y
LP000355,Male,Yes,1,Graduate,No,3295,1903,134.82779760020375,360.0,1.0,Rural,Y
LP000356,Male,Yes,0,Not Graduate,No,9507,0,407.7035898519366,360.0,1.0,Semiurban,Y
LP000357,Male,No,3+,Graduate,No,3049,1266,116.29405655959492,360.0,1.0,Urban,Y
LP000358,Male,No,0,Graduate,No,2521,0,,360.0,1.0,Urban,N
LP000359,Female,No,1,Not Graduate,No,3863,2022,175.75902647856364,240.0,1.0,Semiurban,N
LP000360,Male,Yes,0,Graduate,No,4467,2810,91.5515472107428,360.0,1.0,Semiurban,Y
LP000361,Male,Yes,0,Graduate,No,3614,1470,123.38132145971967,360.0,1.0,Semiurban,Y
LP000362,Male,Yes,1,Graduate,Yes,2100,955,61.52631602593204,84.0,1.0,Urban,Y
LP000363,Male,Yes,,Graduate,Yes,5396,0,235.0144381371769,84.0,1.0,Rural,Y
LP000364,Male,Yes,3+,Not Graduate,No,5170,4454,101.80731774503553,360.0,1.0,Urban,Y
LP000365,Female,Yes,0,Graduate,No,6328,0,355.0803883487089,360.0,1.0,Rural,Y
LP000366,Male,Yes,0,Not Graduate,No,5117,783,225.9210437957684,360.0,1.0,Urban,N
LP000367,Female,Yes,1,Graduate,No,9154,0,372.1150721567077,360.0,1.0,Semiurban,Y
LP000368,Female,No,1,Not Graduate,No,6549,3136,309.2227086567658,60.0,1.0,Urban,Y
LP000369,Male,Yes,0,Graduate,No,5966,0,332.38616211250496,84.0,0.0,Semiurban,Y
LP000370,Male,Yes,0,Not Graduate,No,7770,3244,345.62986578353616,360.0,,Semiurban,Y
LP000371,Male,No,0,Graduate,No,4976,0,236.99252385886479,360.0,1.0,Semiurban,Y
LP000372,Male,Yes,2,Not Graduate,Yes,4276,0,176.26760097857527,360.0,1.0,Semiurban,N
LP000373,Male,No,0,Graduate,No,5368,4197,209.05896986532207,84.0,1.0,Semiurban,Y
LP000374,Male,Yes,0,Graduate,Yes,1593,0,44.68818223980395,,1.0,Semiurban,Y
LP000375,Male,Yes,0,Not Graduate,No,4983,2620,166.2755203314183,360.0,1.0,Rural,Y
LP000376,Male,No,0,Graduate,No,4465,0,151.11943601202012,360.0,1.0,Urban,Y
LP000377,Female,No,0,Not Graduate,Yes,5633,2021,171.29776142628066,360.0,0.0,Semiurban,N
LP000378,Male,No,0,Graduate,No,7298,3649,288.88514197259906,360.0,1.0,Semiurban,N
LP000379,Female,Yes,0,Graduate,No,6044,0,174.37329691094453,360.0,1.0,Urban,Y
LP000380,Male,Yes,2,Graduate,No,3300,0,139.63666096574843,240.0,1.0,Semiurban,N
LP000381,Male,Yes,0,Graduate,No,6769,0,269.30677567830634,84.0,0.0,Urban,N
LP000382,Male,Yes,0,Graduate,Yes,9213,0,374.3974119354675,120.0,1.0,Urban,Y
LP000383,Male,No,2,Graduate,No,7382,4977,274.3947371992003,360.0,1.0,Urban,Y
LP000384,Female,Yes,1,Graduate,No,2393,1433,218.79441480722014,360.0,1.0,Urban,Y
LP000385,Male,No,0,Graduate,No,6015,3598,295.0046360072125,360.0,0.0,Semiurban,N
LP000386,Female,Yes,0,Graduate,No,2579,0,53.378299996611084,360.0,1.0,Semiurban,Y
LP000387,Male,Yes,0,Graduate,No,4081,0,172.55472349707594,84.0,0.0,Rural,N
LP000388,Male,Yes,1,Graduate,No,5558,0,197.99975428250704,360.0,1.0,Semiurban,Y
LP000389,Male,No,3+,Graduate,No,5231,2799,168.66081093170345,360.0,1.0,Urban,Y
LP000390,Female,No,1,Graduate,No,7318,1977,239.11711715504265,84.0,1.0,Rural,N
LP000391,Female,No,1,Not Graduate,No,9233,286,386.6086676303702,240.0,1.0,Rural,Y
LP000392,Male,No,2,Not Graduate,No,5810,555,205.14479059721705,360.0,1.0,Semiurban,Y
LP000393,Male,No,0,Graduate,No,3935,2263,196.11304096100815,360.0,0.0,Semiurban,Y
LP000394,Male,No,0,Graduate,,1637,1470,105.23128858121757,360.0,1.0,Rural,N
LP000395,Male,Yes,1,Not Graduate,No,8133,4454,380.276575408458,360.0,1.0,Semiurban,Y
LP000396,Female,Yes,3+,Graduate,,4476,3272,144.94452935703583,360.0,1.0,Rural,Y
LP000397,Female,Yes,0,Graduate,No,4585,3834,202.41462442768042,360.0,1.0,Urban,Y
LP000398,Male,No,1,Graduate,No,4756,1767,215.53816866569204,240.0,1.0,Urban,Y
LP000399,Male,No,0,Not Graduate,Yes,5690,0,208.6328729958414,360.0,1.0,Semiurban,Y
LP000400,Male,Yes,0,Graduate,No,5766,0,199.769121704285,360.0,1.0,Semiurban,Y
LP000401,Male,No,0,Graduate,No,4112,0,228.8608266310389,360.0,1.0,Rural,N
LP000402,Female,No,0,Not Graduate,Yes,4455,0,187.29983502928215,360.0,,Rural,N
LP000403,Male,Yes,2,Not Graduate,Yes,3481,689,164.67871002846954,300.0,1.0,Semiurban,Y
LP000404,Female,Yes,0,Graduate,No,3298,850,99.0369595268829,360.0,0.0,Urban,N
LP000405,Male,No,1,Graduate,No,3291,983,82.86862133911224,360.0,1.0,Rural,Y
LP000406,Female,Yes,2,Not Graduate,No,4431,1856,154.46200902031558,360.0,1.0,Semiurban,N
LP000407,Male,No,3+,Graduate,No,2985,0,114.43914450440012,180.0,1.0,Urban,Y
LP000408,Male,Yes,0,Graduate,No,782,0,9.0,360.0,1.0,Semiurban,Y
LP000409,Female,No,0,Graduate,No,3902,0,155.6862076539847,180.0,0.0,Semiurban,N
LP000410,Male,No,0,Not Graduate,No,2471,0,31.29979247726,360.0,1.0,Rural,N
LP000411,Male,No,3+,Graduate,No,4907,0,151.4781031012051,360.0,1.0,Semiurban,Y
LP000412,Female,Yes,3+,Not Graduate,No,3475,0,,360.0,0.0,Urban,N
LP000413,Female,No,0,Not Graduate,No,5722,2142,253.03162081111577,240.0,1.0,Rural,Y
LP000414,Male,No,2,Graduate,No,2590,1226,87.92492938452534,,1.0,Semiurban,Y
LP000415,Male,Yes,0,Graduate,No,1813,1333,31.809427636921875,360.0,1.0,Semiurban,Y
LP000416,Male,No,1,Graduate,No,4461,5000,137.34385793895956,360.0,0.0,Urban,Y
LP000417,Male,Yes,0,Graduate,No,3824,2792,138.02927016234744,360.0,1.0,Semiurban,Y
LP000418,Male,Yes,2,Graduate,No,2360,0,120.18073966581166,360.0,1.0,Urban,Y
LP000419,Male,Yes,0,Graduate,No,6551,0,299.169827653773,360.0,1.0,Urban,Y
LP000420,Male,Yes,2,Graduate,No,2819,0,92.89873058072124,84.0,,Semiurban,Y
LP000421,Male,Yes,2,Not Graduate,No,3222,0,82.74030296060864,240.0,1.0,Urban,Y
LP000422,Male,No,1,Graduate,No,7106,0,294.95374551465335,360.0,1.0,Semiurban,Y
LP000423,Male,Yes,0,Graduate,No,5871,5696,201.89860117496602,360.0,1.0,Urban,Y
LP000424,Male,No,0,Graduate,,2665,0,85.86989444555189,84.0,,Semiurban,Y
LP000425,Male,Yes,0,Graduate,No,3987,3464,212.4910436174815,120.0,0.0,Urban,N
LP000426,Male,Yes,0,Graduate,No,2529,1308,134.24461714263072,360.0,,Urban,Y
LP000427,Male,Yes,0,Graduate,No,6875,2178,281.31897249005806,360.0,1.0,Urban,Y
LP000428,Female,No,3+,Graduate,Yes,6873,2263,224.04323995549112,360.0,1.0,Rural,Y
LP000429,Male,Yes,1,Graduate,Yes,9839,403,402.01586269882637,360.0,1.0,Rural,Y
LP000430,Male,Yes,0,Graduate,No,11534,0,503.8662916315011,360.0,0.0,Urban,N
LP000431,Male,No,0,Graduate,No,3455,0,123.17465336937856,360.0,1.0,Rural,Y
LP000432,Male,Yes,0,Graduate,No,6381,937,309.2845635994686,360.0,1.0,Semiurban,Y
LP000433,Male,Yes,1,Not Graduate,No,1666,0,118.34981158072827,360.0,0.0,Rural,N
LP000434,Male,Yes,0,Graduate,No,5078,2619,269.66931328573895,360.0,1.0,Urban,Y
LP000435,Male,No,3+,Graduate,No,5647,783,238.08972506125411,360.0,1.0,Semiurban,N
LP000436,Male,Yes,0,Graduate,No,2896,0,139.3356679922405,120.0,1.0,Urban,Y
LP000437,Male,No,3+,Graduate,No,3351,5591,190.6074915332436,300.0,1.0,Semiurban,N
LP000438,Female,Yes,2,Graduate,No,6894,2592,293.655757482759,360.0,1.0,Rural,Y
LP000439,Male,No,0,Graduate,No,5710,2170,208.3506356883915,360.0,1.0,Semiurban,Y
LP000440,Male,No,3+,Graduate,No,9274,191,353.01828653888555,60.0,1.0,Urban,N
LP000441,Male,No,0,Graduate,No,8791,0,361.18219815094955,360.0,1.0,Urban,Y
LP000442,Female,Yes,2,Graduate,No,1924,4637,25.337543122151246,360.0,1.0,Semiurban,Y
LP000443,Male,No,0,Graduate,No,3622,2143,139.14964338543228,360.0,1.0,Semiurban,Y
LP000444,Male,Yes,2,Graduate,Yes,2745,4079,153.66188472921016,360.0,1.0,Urban,N
LP000445,Female,Yes,2,Not Graduate,Yes,6501,191,172.38984595338877,360.0,1.0,Rural,Y
LP000446,Female,Yes,2,Graduate,No,5306,0,273.6192840717806,84.0,1.0,Urban,Y
LP000447,Female,No,2,Graduate,Yes,2841,0,158.53496874812637,360.0,1.0,Urban,N
LP000448,Male,No,0,Graduate,No,3065,1741,104.20941536678095,360.0,1.0,Rural,Y
LP000449,Male,No,0,Graduate,No,7920,2282,338.5356331148724,240.0,0.0,Urban,N
LP000450,,Yes,0,Graduate,Yes,3820,0,152.92590907625308,360.0,1.0,Urban,Y
LP000451,Male,Yes,0,Graduate,No,1515,3329,109.79961473754733,360.0,0.0,Semiurban,N
LP000452,Male,No,1,Graduate,No,2714,3881,147.86732571079764,360.0,1.0,Rural,Y
LP000453,Male,Yes,0,Graduate,No,10133,0,349.3171710726796,360.0,1.0,Urban,Y
LP000454,Female,Yes,3+,Graduate,No,7198,0,311.4104965385671,360.0,1.0,Rural,Y
LP000455,Male,Yes,1,Graduate,No,2446,0,89.6148858542701,360.0,1.0,Rural,Y
LP000456,Male,Yes,2,Graduate,Yes,5077,0,206.39330282072402,360.0,1.0,Urban,Y
LP000457,Male,Yes,0,Graduate,No,7000,0,250.87312396120737,360.0,1.0,Semiurban,Y
LP000458,Male,Yes,2,Graduate,No,1910,0,146.32548276483342,360.0,,Semiurban,Y
LP000459,Male,Yes,3+,Not Graduate,No,7347,2768,335.482472796103,360.0,1.0,Semiurban,Y
LP000460,Male,Yes,0,Graduate,No,5686,3649,197.8491534410813,360.0,1.0,Rural,Y
LP000461,Male,No,1,Graduate,No,3255,0,76.81557572359068,360.0,1.0,Rural,Y
LP000462,Male,Yes,2,Graduate,No,6094,2810,228.33309476088607,360.0,1.0,Urban,Y
LP000463,Male,Yes,0,Not Graduate,No,5340,0,230.9801058436522,240.0,0.0,Semiurban,N
LP000464,Male,No,0,Graduate,No,5506,2850,229.84823375784893,360.0,1.0,Semiurban,Y
LP000465,Female,Yes,0,Graduate,No,4993,0,249.84531299072972,360.0,,Urban,Y
LP000466,Male,No,0,Graduate,No,3010,4454,151.9967888872341,180.0,1.0,Urban,N
LP000467,Male,No,,Graduate,No,3290,0,170.38276103011628,360.0,1.0,Urban,N
LP000468,Female,Yes,0,Graduate,No,4170,0,179.8742160244175,360.0,1.0,Semiurban,Y
LP000469,Male,Yes,0,Graduate,No,4766,0,135.06805079156038,120.0,1.0,Semiurban,Y
LP000470,Female,No,0,Not Graduate,No,6256,1693,242.41205875412396,300.0,1.0,Urban,N
LP000471,Male,No,3+,Graduate,No,10241,0,452.0435895963466,360.0,1.0,Rural,Y
LP000472,Female,Yes,0,Graduate,No,5184,0,205.29908285901416,360.0,1.0,Rural,Y
LP000473,Male,Yes,3+,Not Graduate,No,6207,3855,268.4036147449499,360.0,1.0,Semiurban,Y
LP000474,Female,Yes,0,Graduate,No,6841,0,260.8900673901547,180.0,0.0,Urban,N
LP000475,Male,No,0,Graduate,No,6404,2799,214.96752605832623,360.0,1.0,Semiurban,Y
LP000476,Female,Yes,0,Graduate,,2953,2239,113.18623743815559,360.0,1.0,Urban,Y
LP000477,Male,No,0,Graduate,Yes,8249,0,342.32189772130613,84.0,1.0,Urban,Y
LP000478,Male,Yes,0,Graduate,No,7678,3858,280.8924912215423,360.0,1.0,Semiurban,N
LP000479,Female,Yes,1,Not Graduate,No,4962,0,189.05155020573324,180.0,1.0,Urban,N
LP000480,Male,Yes,,Graduate,No,3041,0,84.06147032056069,360.0,0.0,Urban,N
LP000481,,Yes,1,Graduate,,4731,1941,234.00979670256385,360.0,0.0,Urban,Y
LP000482,Male,Yes,1,Graduate,No,2040,2519,69.82176969647864,360.0,1.0,Urban,Y
LP000483,Male,Yes,0,Not Graduate,No,8726,0,407.15022180504735,120.0,0.0,Urban,N
LP000484,Male,Yes,0,Not Graduate,Yes,3437,0,198.62991402163632,360.0,1.0,Rural,Y
LP000485,Male,No,2,Not Graduate,No,4071,0,159.59816141113026,360.0,1.0,Urban,N
LP000486,Female,Yes,0,Graduate,No,8450,5104,297.662050698106,360.0,1.0,Urban,N
LP000487,Male,Yes,0,Graduate,No,8004,1486,236.72408489066652,180.0,1.0,Urban,Y
LP000488,Male,No,3+,Graduate,No,5435,955,158.51851707892834,,1.0,Rural,Y
LP000489,Female,No,0,Graduate,No,9305,0,317.2466070040536,360.0,1.0,Semiurban,Y
LP000490,Female,No,1,Graduate,Yes,2907,0,171.4187850984602,360.0,1.0,Urban,N
LP000491,Male,No,3+,Graduate,No,5436,0,222.07298348907784,240.0,1.0,Rural,Y
LP000492,Male,Yes,0,Graduate,No,2919,0,132.34418096367952,360.0,1.0,Semiurban,Y
LP000493,Male,,0,Graduate,No,7471,3346,,360.0,0.0,Urban,N
LP000494,Male,No,0,Graduate,No,7355,0,246.28134283130953,360.0,1.0,Urban,Y
LP000495,Male,No,0,Graduate,No,9598,0,419.4031910578515,300.0,1.0,Urban,Y
LP000496,Male,Yes,0,Graduate,No,4665,0,198.07096449530343,360.0,1.0,Urban,Y
LP000497,Male,No,1,Graduate,No,10779,1928,425.27178885257615,360.0,1.0,Semiurban,N
LP000498,Male,Yes,0,Graduate,No,2799,0,134.5536943440049,360.0,1.0,Urban,Y
LP000499,Female,Yes,0,Graduate,No,4551,0,247.47191224543258,360.0,1.0,Semiurban,Y
LP000500,Female,Yes,3+,Graduate,No,2850,996,105.15830145851798,360.0,1.0,Urban,Y
LP000501,Male,Yes,2,Graduate,No,5103,2025,206.89479210632277,360.0,1.0,Urban,Y
LP000502,Male,Yes,1,Graduate,No,2973,4175,126.6238767492522,360.0,1.0,Semiurban,N
LP000503,Male,Yes,0,Not Graduate,No,7480,0,394.8843854109597,360.0,1.0,Rural,Y
LP000504,Female,No,1,Graduate,No,5770,6087,146.825749423239,360.0,1.0,Urban,Y
LP000505,Male,Yes,0,Graduate,No,2682,0,134.6089205915523,180.0,1.0,Semiurban,N
LP000506,Male,Yes,0,Graduate,No,6712,0,263.88791004963747,120.0,0.0,Urban,N
LP000507,Female,No,0,Graduate,No,9012,0,383.1508690473672,180.0,1.0,Urban,Y
LP000508,Female,No,2,Graduate,No,6019,0,214.465097840211,360.0,0.0,Urban,N
LP000509,Female,No,0,Graduate,No,2294,1856,89.801398765662,360.0,1.0,Urban,Y
LP000510,Male,No,0,Not Graduate,No,4352,0,202.53642317861983,360.0,,Urban,N
LP000511,Male,No,0,Graduate,No,6364,0,379.07640804175367,240.0,1.0,Urban,Y
LP000512,Male,Yes,0,Not Graduate,No,4161,0,198.76144757608284,300.0,1.0,Rural,Y
LP000513,Female,Yes,2,Graduate,No,2782,0,77.35737607877965,300.0,,Urban,N
LP000514,Female,Yes,2,Graduate,No,7859,2581,297.4096127190919,360.0,1.0,Semiurban,Y
LP000515,Male,Yes,2,Not Graduate,No,4078,0,144.98343566464584,360.0,1.0,Urban,Y
LP000516,Male,Yes,0,Graduate,No,9015,0,288.7742730947994,360.0,1.0,Semiurban,Y
LP000517,Male,No,0,Graduate,,3632,3136,132.07639233194251,360.0,1.0,Semiurban,Y
LP000518,Female,Yes,0,Graduate,No,3968,0,188.03316327286979,360.0,0.0,Urban,N
LP000519,Female,Yes,0,Graduate,No,3497,2569,88.91071523692818,240.0,1.0,Urban,Y
LP000520,Male,Yes,0,Graduate,Yes,4317,0,,360.0,1.0,Semiurban,N
LP000521,Male,No,2,Graduate,No,5728,1489,248.63099284337352,360.0,1.0,Rural,Y
LP000522,Male,Yes,0,Graduate,Yes,2854,0,84.79066712115848,360.0,1.0,Urban,Y
LP000523,Female,No,0,Graduate,No,2592,0,98.01881450648611,240.0,1.0,Urban,Y
LP000524,Female,Yes,0,Graduate,No,1888,5696,139.45287230564134,360.0,1.0,Rural,Y
LP000525,Female,Yes,0,Graduate,No,1765,0,99.94191254023463,360.0,1.0,Urban,Y
LP000526,Male,Yes,0,Graduate,No,2308,0,92.6713461959259,84.0,1.0,Semiurban,Y
LP000527,Male,No,3+,Graduate,No,3620,2422,135.29266732156063,360.0,0.0,Urban,Y
LP000528,Male,Yes,2,Graduate,No,5061,1853,205.50436281806637,360.0,1.0,Urban,Y
LP000529,Male,No,3+,Graduate,No,5586,0,202.96945768230785,360.0,1.0,Semiurban,Y
LP000530,Female,Yes,0,Not Graduate,No,4955,1941,114.0100197712394,360.0,1.0,Semiurban,N
LP000531,Female,Yes,0,Graduate,Yes,8555,2915,423.88711642138924,300.0,1.0,Urban,Y
LP000532,Female,No,0,Graduate,,9760,0,396.612999967976,180.0,1.0,Semiurban,Y
LP000533,Female,No,0,Graduate,No,4087,1618,179.4058906049015,360.0,,Rural,Y
LP000534,Male,No,2,Graduate,No,2877,1491,112.76369000492365,360.0,1.0,Semiurban,Y
LP000535,Male,No,0,Graduate,No,11080,0,413.7953279710165,360.0,0.0,Urban,N
LP000536,Female,No,0,Not Graduate,No,7739,0,302.1230207620492,360.0,1.0,Semiurban,Y
LP000537,Female,No,0,Graduate,No,7486,0,235.46420951222754,360.0,1.0,Semiurban,Y
LP000538,Male,No,,Not Graduate,No,3551,523,233.12345992213216,360.0,1.0,Rural,N
LP000539,Male,No,2,Not Graduate,Yes,6786,0,222.05952006310417,360.0,1.0,Semiurban,Y
LP000540,Male,No,0,Not Graduate,No,4973,2466,157.64134864611282,,1.0,Urban,N
LP000541,Female,Yes,0,Not Graduate,No,4508,0,162.70963182454398,360.0,0.0,Semiurban,N
LP000542,Male,No,0,Graduate,No,4505,1758,231.7230289940951,360.0,1.0,Semiurban,Y
LP000543,Male,Yes,0,Graduate,No,5846,0,234.42035997050615,360.0,0.0,Urban,Y
LP000544,Male,No,2,Graduate,No,8679,5163,297.7145681587815,300.0,1.0,Semiurban,Y
LP000545,Male,No,2,Graduate,No,11494,4153,509.93353443029355,360.0,1.0,Urban,Y
LP000546,Male,Yes,3+,Graduate,No,3846,1928,183.08002507141924,360.0,1.0,Semiurban,Y
LP000547,Male,No,2,Graduate,No,5101,2398,225.5773982886581,360.0,1.0,Urban,Y
LP000548,Male,Yes,0,Graduate,No,4456,0,206.86936964683363,180.0,,Semiurban,Y
LP000549,Male,Yes,1,Graduate,No,5673,2654,322.694476023298,360.0,1.0,Rural,Y
LP000550,Male,No,0,Graduate,No,4202,2865,255.4837958014445,120.0,1.0,Rural,N
LP000551,Male,Yes,0,Graduate,No,10631,1097,,240.0,1.0,Rural,Y
LP000552,Female,No,2,Graduate,Yes,3355,1904,199.15539971244607,120.0,1.0,Rural,Y
LP000553,Male,No,0,Not Graduate,,3848,1455,169.246727590356,360.0,1.0,Urban,N
LP000554,Male,Yes,2,Graduate,Yes,3576,0,163.00383264550996,360.0,1.0,Semiurban,Y
LP000555,Female,Yes,0,Graduate,No,4356,4187,106.54916673426686,360.0,1.0,Semiurban,Y
LP000556,Male,Yes,,Graduate,No,2394,3858,88.94456938447216,36.0,1.0,Rural,Y
LP000557,Male,Yes,1,Graduate,No,3608,2104,111.8070563865374,360.0,1.0,Urban,Y
LP000558,Male,No,2,Graduate,No,5648,0,259.0423525957324,360.0,1.0,Rural,Y
LP000559,Male,Yes,1,Graduate,No,5629,0,268.0032200161122,360.0,1.0,Semiurban,Y
LP000560,Male,Yes,1,Graduate,No,5233,1226,126.34054595934754,360.0,1.0,Rural,Y
LP000561,Male,Yes,0,Graduate,No,8342,0,332.7986054398292,360.0,1.0,Urban,Y
LP000562,Male,Yes,,Graduate,No,5748,1659,274.7944601917701,360.0,1.0,Urban,Y
LP000563,Male,No,0,Graduate,Yes,8220,0,321.3328415074622,360.0,1.0,Semiurban,Y
LP000564,Male,Yes,2,Graduate,No,11498,0,489.0825458000946,300.0,1.0,Urban,Y
LP000565,Male,No,0,Graduate,No,6862,5014,288.52661870508337,360.0,1.0,Rural,Y
LP000566,Male,Yes,1,Graduate,No,2400,1693,109.66640927810505,360.0,1.0,Urban,Y
LP000567,Male,No,0,Not Graduate,No,5327,0,202.2274008772681,360.0,1.0,Semiurban,Y
LP000568,Male,Yes,0,Graduate,No,4977,1949,150.41676783457163,360.0,0.0,Urban,N
LP000569,Female,Yes,1,Graduate,Yes,9008,2198,315.4587941029989,120.0,1.0,Semiurban,Y
LP000570,Male,No,0,Graduate,No,4429,0,205.5341005782127,360.0,1.0,Semiurban,N
LP000571,Male,Yes,0,Graduate,No,3134,0,126.13833022075532,360.0,1.0,Urban,Y
LP000572,Male,No,0,Graduate,No,3709,4175,,360.0,1.0,Urban,Y
LP000573,Male,No,3+,Graduate,No,2446,405,80.8843983071059,240.0,1.0,Urban,Y
LP000574,Male,Yes,2,Not Graduate,No,767,0,18.47244618076993,360.0,1.0,Semiurban,Y
LP000575,Female,Yes,0,Graduate,No,10654,0,,180.0,1.0,Semiurban,Y
LP000576,Female,No,0,Graduate,No,4707,0,174.87023672527894,360.0,1.0,Semiurban,N
LP000577,Male,Yes,0,Graduate,No,2565,1461,48.95741146793725,360.0,1.0,Semiurban,Y
LP000578,,Yes,2,Graduate,Yes,9371,0,404.5860710216069,360.0,1.0,Semiurban,N
LP000579,Male,Yes,1,Graduate,No,10082,0,395.0849334454113,300.0,1.0,Semiurban,Y
LP000580,Male,Yes,0,Graduate,No,5055,926,203.45583462131106,360.0,1.0,Urban,Y
LP000581,Male,Yes,0,Graduate,No,2333,2592,157.6231322559804,240.0,1.0,Urban,Y
LP000582,Female,No,0,Graduate,,3751,0,149.2175777059797,360.0,1.0,Rural,Y
LP000583,Male,No,1,Graduate,Yes,4210,0,179.96734692474902,360.0,0.0,Rural,Y
LP000584,Male,No,2,Not Graduate,No,4780,0,144.04306034806697,360.0,1.0,Urban,Y
LP000585,Male,No,0,Graduate,No,2730,2619,100.41322190596159,120.0,1.0,Semiurban,Y
LP000586,Male,Yes,0,Not Graduate,No,7113,1767,308.901041808344,360.0,1.0,Rural,Y
LP000587,Male,No,0,Graduate,Yes,1435,191,9.0,84.0,0.0,Semiurban,Y
LP000588,Male,Yes,3+,Not Graduate,No,7628,1811,313.1538037246284,84.0,1.0,Urban,Y
LP000589,Male,Yes,0,Graduate,No,8347,3727,337.91164290579223,,1.0,Urban,N
LP000590,Male,Yes,2,Not Graduate,No,3928,0,158.7714982234976,360.0,1.0,Semiurban,N
LP000591,Male,Yes,1,Not Graduate,No,4529,926,222.64635594632972,360.0,1.0,Rural,Y
LP000592,Male,No,0,Graduate,No,8814,0,365.93754059394087,180.0,,Semiurban,N
LP000593,Male,No,0,Not Graduate,No,6255,0,309.32287593425775,360.0,1.0,Urban,Y
LP000594,Male,Yes,0,Graduate,No,3995,2521,120.05641937623857,360.0,1.0,Urban,Y
LP000595,Female,Yes,1,Graduate,No,4220,0,174.23698268873392,360.0,,Rural,N
LP000596,Male,No,2,Graduate,No,5861,1218,237.8186714555979,360.0,1.0,Rural,Y
LP000597,Male,Yes,1,Graduate,No,10219,1239,365.98982024979676,360.0,1.0,Semiurban,Y
LP000598,Male,Yes,0,Graduate,No,4282,0,209.53180008365385,360.0,1.0,Semiurban,Y
LP000599,Male,Yes,0,Graduate,No,3937,1266,250.4669322341127,360.0,1.0,Urban,Y
LP000600,Male,No,3+,Graduate,No,4765,0,189.91975702064676,360.0,1.0,Rural,Y
LP000601,Male,No,2,Graduate,No,4778,0,211.3208435309507,360.0,1.0,Rural,N
LP000602,Male,Yes,0,Not Graduate,Yes,5399,1333,219.3407390326131,360.0,1.0,Urban,Y
LP000603,Male,Yes,3+,Graduate,Yes,4536,0,152.89661320371297,360.0,1.0,Semiurban,Y
LP000604,Male,No,1,Graduate,No,7831,996,240.40958888791937,360.0,0.0,Urban,Y
LP000605,Male,No,1,Graduate,No,3017,0,92.4490606761854,360.0,1.0,Urban,Y
LP000606,Male,Yes,2,Graduate,Yes,5670,1021,171.12166476193076,360.0,0.0,Urban,N
LP000607,Male,No,2,Graduate,No,5770,0,298.96408312236474,360.0,1.0,Urban,Y
LP000608,Male,Yes,1,Graduate,No,3150,5104,121.39561224307043,180.0,1.0,Urban,Y
LP000609,Male,Yes,0,Graduate,No,5644,2378,211.92322683811315,360.0,,Semiurban,Y
LP000610,Male,No,0,Not Graduate,No,5839,1218,269.12615299151224,180.0,1.0,Semiurban,Y
LP000611,Male,Yes,3+,Graduate,Yes,1086,5014,9.0,360.0,1.0,Semiurban,Y
LP000612,Male,Yes,0,Graduate,,2875,651,84.3254384798179,360.0,1.0,Urban,N
LP000613,Male,Yes,0,Graduate,No,9144,2620,368.48289076994485,360.0,1.0,Urban,Y
LP000614,Male,Yes,0,Graduate,No,3519,1218,181.9107596569392,360.0,1.0,Semiurban,N
